HourUTC,HourDK,PriceArea,SpotPriceDKK,SpotPriceEUR
2024-01-31T22:00:00,2024-01-31T23:00:00,DK2,11.93,1.6
2024-01-31T21:00:00,2024-01-31T22:00:00,DK2,27.799999,3.73
2024-01-31T20:00:00,2024-01-31T21:00:00,DK2,121.800003,16.34
2024-01-31T19:00:00,2024-01-31T20:00:00,DK2,149.300003,20.030001
2024-01-31T18:00:00,2024-01-31T19:00:00,DK2,152.809998,20.5
2024-01-31T17:00:00,2024-01-31T18:00:00,DK2,198.279999,26.6
2024-01-31T16:00:00,2024-01-31T17:00:00,DK2,367.929993,49.360001
2024-01-31T15:00:00,2024-01-31T16:00:00,DK2,193.880005,26.01
2024-01-31T14:00:00,2024-01-31T15:00:00,DK2,149.75,20.09
2024-01-31T13:00:00,2024-01-31T14:00:00,DK2,149.679993,20.08
2024-01-31T12:00:00,2024-01-31T13:00:00,DK2,152.360001,20.440001
2024-01-31T11:00:00,2024-01-31T12:00:00,DK2,152.660004,20.48
2024-01-31T10:00:00,2024-01-31T11:00:00,DK2,168.979996,22.67
2024-01-31T09:00:00,2024-01-31T10:00:00,DK2,312.170013,41.880001
2024-01-31T08:00:00,2024-01-31T09:00:00,DK2,381.350006,51.16
2024-01-31T07:00:00,2024-01-31T08:00:00,DK2,431.589996,57.900002
2024-01-31T06:00:00,2024-01-31T07:00:00,DK2,418.540009,56.150002
2024-01-31T05:00:00,2024-01-31T06:00:00,DK2,190.369995,25.540001
2024-01-31T04:00:00,2024-01-31T05:00:00,DK2,144.529999,19.389999
2024-01-31T03:00:00,2024-01-31T04:00:00,DK2,141.330002,18.959999
2024-01-31T02:00:00,2024-01-31T03:00:00,DK2,138.490005,18.58
2024-01-31T01:00:00,2024-01-31T02:00:00,DK2,137.899994,18.5
2024-01-31T00:00:00,2024-01-31T01:00:00,DK2,137.600006,18.459999
2024-01-30T23:00:00,2024-01-31T00:00:00,DK2,137.080002,18.389999
2024-01-30T22:00:00,2024-01-30T23:00:00,DK2,180.169998,24.17
2024-01-30T21:00:00,2024-01-30T22:00:00,DK2,168.160004,22.559999
2024-01-30T20:00:00,2024-01-30T21:00:00,DK2,401.929993,53.919998
2024-01-30T19:00:00,2024-01-30T20:00:00,DK2,422.799988,56.720001
2024-01-30T18:00:00,2024-01-30T19:00:00,DK2,435.690002,58.450001
2024-01-30T17:00:00,2024-01-30T18:00:00,DK2,457.829987,61.419998
2024-01-30T16:00:00,2024-01-30T17:00:00,DK2,535.950012,71.900002
2024-01-30T15:00:00,2024-01-30T16:00:00,DK2,475.049988,63.73
2024-01-30T14:00:00,2024-01-30T15:00:00,DK2,466.929993,62.639999
2024-01-30T13:00:00,2024-01-30T14:00:00,DK2,523.349976,70.209999
2024-01-30T12:00:00,2024-01-30T13:00:00,DK2,496.369995,66.589996
2024-01-30T11:00:00,2024-01-30T12:00:00,DK2,495.470001,66.470001
2024-01-30T10:00:00,2024-01-30T11:00:00,DK2,510.01001,68.419998
2024-01-30T09:00:00,2024-01-30T10:00:00,DK2,575.080017,77.150002
2024-01-30T08:00:00,2024-01-30T09:00:00,DK2,633.080017,84.93
2024-01-30T07:00:00,2024-01-30T08:00:00,DK2,715.070007,95.93
2024-01-30T06:00:00,2024-01-30T07:00:00,DK2,675.340027,90.599998
2024-01-30T05:00:00,2024-01-30T06:00:00,DK2,570.609985,76.550003
2024-01-30T04:00:00,2024-01-30T05:00:00,DK2,517.090027,69.370003
2024-01-30T03:00:00,2024-01-30T04:00:00,DK2,500.769989,67.18
2024-01-30T02:00:00,2024-01-30T03:00:00,DK2,502.709991,67.440002
2024-01-30T01:00:00,2024-01-30T02:00:00,DK2,517.090027,69.370003
2024-01-30T00:00:00,2024-01-30T01:00:00,DK2,512.77002,68.790001
2024-01-29T23:00:00,2024-01-30T00:00:00,DK2,536.25,71.940002
2024-01-29T22:00:00,2024-01-29T23:00:00,DK2,598.539978,80.290001
2024-01-29T21:00:00,2024-01-29T22:00:00,DK2,621.869995,83.419998
2024-01-29T20:00:00,2024-01-29T21:00:00,DK2,646.98999,86.790001
2024-01-29T19:00:00,2024-01-29T20:00:00,DK2,685.679993,91.980003
2024-01-29T18:00:00,2024-01-29T19:00:00,DK2,801.530029,107.519997
2024-01-29T17:00:00,2024-01-29T18:00:00,DK2,874.440002,117.300003
2024-01-29T16:00:00,2024-01-29T17:00:00,DK2,949.880005,127.419998
2024-01-29T15:00:00,2024-01-29T16:00:00,DK2,808.309998,108.43
2024-01-29T14:00:00,2024-01-29T15:00:00,DK2,727.580017,97.599998
2024-01-29T13:00:00,2024-01-29T14:00:00,DK2,615.390015,82.550003
2024-01-29T12:00:00,2024-01-29T13:00:00,DK2,559.030029,74.989998
2024-01-29T11:00:00,2024-01-29T12:00:00,DK2,523.619995,70.239998
2024-01-29T10:00:00,2024-01-29T11:00:00,DK2,531.299988,71.269997
2024-01-29T09:00:00,2024-01-29T10:00:00,DK2,588.179993,78.900002
2024-01-29T08:00:00,2024-01-29T09:00:00,DK2,658.919983,88.389999
2024-01-29T07:00:00,2024-01-29T08:00:00,DK2,620.460022,83.230003
2024-01-29T06:00:00,2024-01-29T07:00:00,DK2,462.339996,62.02
2024-01-29T05:00:00,2024-01-29T06:00:00,DK2,180.330002,24.190001
2024-01-29T04:00:00,2024-01-29T05:00:00,DK2,111.900002,15.01
2024-01-29T03:00:00,2024-01-29T04:00:00,DK2,111.82,15.0
2024-01-29T02:00:00,2024-01-29T03:00:00,DK2,111.82,15.0
2024-01-29T01:00:00,2024-01-29T02:00:00,DK2,74.470001,9.99
2024-01-29T00:00:00,2024-01-29T01:00:00,DK2,74.470001,9.99
2024-01-28T23:00:00,2024-01-29T00:00:00,DK2,111.82,15.0
2024-01-28T22:00:00,2024-01-28T23:00:00,DK2,51.59,6.92
2024-01-28T21:00:00,2024-01-28T22:00:00,DK2,74.550003,10.0
2024-01-28T20:00:00,2024-01-28T21:00:00,DK2,122.029999,16.370001
2024-01-28T19:00:00,2024-01-28T20:00:00,DK2,217.75,29.209999
2024-01-28T18:00:00,2024-01-28T19:00:00,DK2,422.01001,56.610001
2024-01-28T17:00:00,2024-01-28T18:00:00,DK2,427.380005,57.330002
2024-01-28T16:00:00,2024-01-28T17:00:00,DK2,431.329987,57.860001
2024-01-28T15:00:00,2024-01-28T16:00:00,DK2,431.850006,57.93
2024-01-28T14:00:00,2024-01-28T15:00:00,DK2,420.519989,56.41
2024-01-28T13:00:00,2024-01-28T14:00:00,DK2,377.579987,50.650002
2024-01-28T12:00:00,2024-01-28T13:00:00,DK2,298.859985,40.09
2024-01-28T11:00:00,2024-01-28T12:00:00,DK2,309.970001,41.580002
2024-01-28T10:00:00,2024-01-28T11:00:00,DK2,341.049988,45.75
2024-01-28T09:00:00,2024-01-28T10:00:00,DK2,381.380005,51.16
2024-01-28T08:00:00,2024-01-28T09:00:00,DK2,410.609985,55.080002
2024-01-28T07:00:00,2024-01-28T08:00:00,DK2,441.320007,59.200001
2024-01-28T06:00:00,2024-01-28T07:00:00,DK2,439.679993,58.98
2024-01-28T05:00:00,2024-01-28T06:00:00,DK2,430.290009,57.720001
2024-01-28T04:00:00,2024-01-28T05:00:00,DK2,429.609985,57.630001
2024-01-28T03:00:00,2024-01-28T04:00:00,DK2,431.399994,57.869999
2024-01-28T02:00:00,2024-01-28T03:00:00,DK2,430.290009,57.720001
2024-01-28T01:00:00,2024-01-28T02:00:00,DK2,434.309998,58.259998
2024-01-28T00:00:00,2024-01-28T01:00:00,DK2,438.339996,58.799999
2024-01-27T23:00:00,2024-01-28T00:00:00,DK2,497.75,66.769997
2024-01-27T22:00:00,2024-01-27T23:00:00,DK2,429.5,57.610001
2024-01-27T21:00:00,2024-01-27T22:00:00,DK2,430.390015,57.73
2024-01-27T20:00:00,2024-01-27T21:00:00,DK2,431.290009,57.849998
2024-01-27T19:00:00,2024-01-27T20:00:00,DK2,433.970001,58.209999
2024-01-27T18:00:00,2024-01-27T19:00:00,DK2,443.070007,59.43
2024-01-27T17:00:00,2024-01-27T18:00:00,DK2,457.079987,61.310001
2024-01-27T16:00:00,2024-01-27T17:00:00,DK2,460.359985,61.75
2024-01-27T15:00:00,2024-01-27T16:00:00,DK2,439.339996,58.93
2024-01-27T14:00:00,2024-01-27T15:00:00,DK2,432.029999,57.950001
2024-01-27T13:00:00,2024-01-27T14:00:00,DK2,296.570007,39.779999
2024-01-27T12:00:00,2024-01-27T13:00:00,DK2,242.220001,32.490002
2024-01-27T11:00:00,2024-01-27T12:00:00,DK2,416.299988,55.84
2024-01-27T10:00:00,2024-01-27T11:00:00,DK2,422.040009,56.610001
2024-01-27T09:00:00,2024-01-27T10:00:00,DK2,341.600006,45.82
2024-01-27T08:00:00,2024-01-27T09:00:00,DK2,237.820007,31.9
2024-01-27T07:00:00,2024-01-27T08:00:00,DK2,215.080002,28.85
2024-01-27T06:00:00,2024-01-27T07:00:00,DK2,154.399994,20.709999
2024-01-27T05:00:00,2024-01-27T06:00:00,DK2,144.710007,19.41
2024-01-27T04:00:00,2024-01-27T05:00:00,DK2,140.460007,18.84
2024-01-27T03:00:00,2024-01-27T04:00:00,DK2,137.850006,18.49
2024-01-27T02:00:00,2024-01-27T03:00:00,DK2,134.339996,18.02
2024-01-27T01:00:00,2024-01-27T02:00:00,DK2,131.440002,17.629999
2024-01-27T00:00:00,2024-01-27T01:00:00,DK2,136.130005,18.26
2024-01-26T23:00:00,2024-01-27T00:00:00,DK2,144.039993,19.32
2024-01-26T22:00:00,2024-01-26T23:00:00,DK2,163.869995,21.98
2024-01-26T21:00:00,2024-01-26T22:00:00,DK2,181.839996,24.389999
2024-01-26T20:00:00,2024-01-26T21:00:00,DK2,192.050003,25.76
2024-01-26T19:00:00,2024-01-26T20:00:00,DK2,205.619995,27.58
2024-01-26T18:00:00,2024-01-26T19:00:00,DK2,249.830002,33.509998
2024-01-26T17:00:00,2024-01-26T18:00:00,DK2,404.01001,54.189999
2024-01-26T16:00:00,2024-01-26T17:00:00,DK2,427.720001,57.369999
2024-01-26T15:00:00,2024-01-26T16:00:00,DK2,383.809998,51.48
2024-01-26T14:00:00,2024-01-26T15:00:00,DK2,364.640015,48.91
2024-01-26T13:00:00,2024-01-26T14:00:00,DK2,367.399994,49.279999
2024-01-26T12:00:00,2024-01-26T13:00:00,DK2,346.450012,46.470001
2024-01-26T11:00:00,2024-01-26T12:00:00,DK2,389.769989,52.279999
2024-01-26T10:00:00,2024-01-26T11:00:00,DK2,437.929993,58.740002
2024-01-26T09:00:00,2024-01-26T10:00:00,DK2,456.420013,61.220001
2024-01-26T08:00:00,2024-01-26T09:00:00,DK2,475.660004,63.799999
2024-01-26T07:00:00,2024-01-26T08:00:00,DK2,484.149994,64.940002
2024-01-26T06:00:00,2024-01-26T07:00:00,DK2,469.470001,62.970001
2024-01-26T05:00:00,2024-01-26T06:00:00,DK2,432.040009,57.950001
2024-01-26T04:00:00,2024-01-26T05:00:00,DK2,388.869995,52.16
2024-01-26T03:00:00,2024-01-26T04:00:00,DK2,415.269989,55.700001
2024-01-26T02:00:00,2024-01-26T03:00:00,DK2,420.109985,56.349998
2024-01-26T01:00:00,2024-01-26T02:00:00,DK2,436.070007,58.490002
2024-01-26T00:00:00,2024-01-26T01:00:00,DK2,462.23999,62.0
2024-01-25T23:00:00,2024-01-26T00:00:00,DK2,468.200012,62.799999
2024-01-25T22:00:00,2024-01-25T23:00:00,DK2,560.440002,75.160004
2024-01-25T21:00:00,2024-01-25T22:00:00,DK2,599.73999,80.43
2024-01-25T20:00:00,2024-01-25T21:00:00,DK2,643.580017,86.309998
2024-01-25T19:00:00,2024-01-25T20:00:00,DK2,679.070007,91.07
2024-01-25T18:00:00,2024-01-25T19:00:00,DK2,736.640015,98.790001
2024-01-25T17:00:00,2024-01-25T18:00:00,DK2,861.539978,115.540001
2024-01-25T16:00:00,2024-01-25T17:00:00,DK2,920.0,123.379997
2024-01-25T15:00:00,2024-01-25T16:00:00,DK2,755.950012,101.379997
2024-01-25T14:00:00,2024-01-25T15:00:00,DK2,686.530029,92.07
2024-01-25T13:00:00,2024-01-25T14:00:00,DK2,633.659973,84.980003
2024-01-25T12:00:00,2024-01-25T13:00:00,DK2,566.630005,75.989998
2024-01-25T11:00:00,2024-01-25T12:00:00,DK2,545.450012,73.150002
2024-01-25T10:00:00,2024-01-25T11:00:00,DK2,568.340027,76.220001
2024-01-25T09:00:00,2024-01-25T10:00:00,DK2,606.599976,81.349998
2024-01-25T08:00:00,2024-01-25T09:00:00,DK2,635.679993,85.25
2024-01-25T07:00:00,2024-01-25T08:00:00,DK2,663.789978,89.019997
2024-01-25T06:00:00,2024-01-25T07:00:00,DK2,492.51001,66.050003
2024-01-25T05:00:00,2024-01-25T06:00:00,DK2,442.850006,59.389999
2024-01-25T04:00:00,2024-01-25T05:00:00,DK2,380.359985,51.009998
2024-01-25T03:00:00,2024-01-25T04:00:00,DK2,336.369995,45.110001
2024-01-25T02:00:00,2024-01-25T03:00:00,DK2,326.970001,43.849998
2024-01-25T01:00:00,2024-01-25T02:00:00,DK2,318.839996,42.759998
2024-01-25T00:00:00,2024-01-25T01:00:00,DK2,327.869995,43.970001
2024-01-24T23:00:00,2024-01-25T00:00:00,DK2,326.899994,43.84
2024-01-24T22:00:00,2024-01-24T23:00:00,DK2,287.320007,38.529999
2024-01-24T21:00:00,2024-01-24T22:00:00,DK2,313.269989,42.009998
2024-01-24T20:00:00,2024-01-24T21:00:00,DK2,298.579987,40.040001
2024-01-24T19:00:00,2024-01-24T20:00:00,DK2,314.540009,42.18
2024-01-24T18:00:00,2024-01-24T19:00:00,DK2,373.529999,50.09
2024-01-24T17:00:00,2024-01-24T18:00:00,DK2,397.609985,53.32
2024-01-24T16:00:00,2024-01-24T17:00:00,DK2,404.25,54.209999
2024-01-24T15:00:00,2024-01-24T16:00:00,DK2,378.820007,50.799999
2024-01-24T14:00:00,2024-01-24T15:00:00,DK2,372.480011,49.950001
2024-01-24T13:00:00,2024-01-24T14:00:00,DK2,335.869995,45.040001
2024-01-24T12:00:00,2024-01-24T13:00:00,DK2,278.450012,37.34
2024-01-24T11:00:00,2024-01-24T12:00:00,DK2,293.359985,39.34
2024-01-24T10:00:00,2024-01-24T11:00:00,DK2,378.519989,50.759998
2024-01-24T09:00:00,2024-01-24T10:00:00,DK2,373.600006,50.099998
2024-01-24T08:00:00,2024-01-24T09:00:00,DK2,369.429993,49.540001
2024-01-24T07:00:00,2024-01-24T08:00:00,DK2,373.380005,50.07
2024-01-24T06:00:00,2024-01-24T07:00:00,DK2,288.809998,38.73
2024-01-24T05:00:00,2024-01-24T06:00:00,DK2,190.160004,25.5
2024-01-24T04:00:00,2024-01-24T05:00:00,DK2,145.789993,19.549999
2024-01-24T03:00:00,2024-01-24T04:00:00,DK2,133.110001,17.85
2024-01-24T02:00:00,2024-01-24T03:00:00,DK2,140.339996,18.82
2024-01-24T01:00:00,2024-01-24T02:00:00,DK2,153.910004,20.639999
2024-01-24T00:00:00,2024-01-24T01:00:00,DK2,187.699997,25.17
2024-01-23T23:00:00,2024-01-24T00:00:00,DK2,213.350006,28.610001
2024-01-23T22:00:00,2024-01-23T23:00:00,DK2,248.050003,33.259998
2024-01-23T21:00:00,2024-01-23T22:00:00,DK2,304.429993,40.82
2024-01-23T20:00:00,2024-01-23T21:00:00,DK2,391.170013,52.450001
2024-01-23T19:00:00,2024-01-23T20:00:00,DK2,450.910004,60.459999
2024-01-23T18:00:00,2024-01-23T19:00:00,DK2,472.390015,63.34
2024-01-23T17:00:00,2024-01-23T18:00:00,DK2,498.040009,66.779999
2024-01-23T16:00:00,2024-01-23T17:00:00,DK2,510.570007,68.459999
2024-01-23T15:00:00,2024-01-23T16:00:00,DK2,494.390015,66.290001
2024-01-23T14:00:00,2024-01-23T15:00:00,DK2,468.059998,62.759998
2024-01-23T13:00:00,2024-01-23T14:00:00,DK2,320.019989,42.91
2024-01-23T12:00:00,2024-01-23T13:00:00,DK2,199.570007,26.76
2024-01-23T11:00:00,2024-01-23T12:00:00,DK2,310.100006,41.580002
2024-01-23T10:00:00,2024-01-23T11:00:00,DK2,443.299988,59.439999
2024-01-23T09:00:00,2024-01-23T10:00:00,DK2,447.25,59.970001
2024-01-23T08:00:00,2024-01-23T09:00:00,DK2,455.76001,61.110001
2024-01-23T07:00:00,2024-01-23T08:00:00,DK2,461.649994,61.900002
2024-01-23T06:00:00,2024-01-23T07:00:00,DK2,454.410004,60.93
2024-01-23T05:00:00,2024-01-23T06:00:00,DK2,191.889999,25.73
2024-01-23T04:00:00,2024-01-23T05:00:00,DK2,161.320007,21.629999
2024-01-23T03:00:00,2024-01-23T04:00:00,DK2,76.220001,10.22
2024-01-23T02:00:00,2024-01-23T03:00:00,DK2,31.1,4.17
2024-01-23T01:00:00,2024-01-23T02:00:00,DK2,69.879997,9.37
2024-01-23T00:00:00,2024-01-23T01:00:00,DK2,75.330002,10.1
2024-01-22T23:00:00,2024-01-23T00:00:00,DK2,118.129997,15.84
2024-01-22T22:00:00,2024-01-22T23:00:00,DK2,171.770004,23.030001
2024-01-22T21:00:00,2024-01-22T22:00:00,DK2,194.440002,26.07
2024-01-22T20:00:00,2024-01-22T21:00:00,DK2,425.119995,57.0
2024-01-22T19:00:00,2024-01-22T20:00:00,DK2,444.519989,59.599998
2024-01-22T18:00:00,2024-01-22T19:00:00,DK2,447.720001,60.029999
2024-01-22T17:00:00,2024-01-22T18:00:00,DK2,455.179993,61.029999
2024-01-22T16:00:00,2024-01-22T17:00:00,DK2,461.299988,61.849998
2024-01-22T15:00:00,2024-01-22T16:00:00,DK2,447.429993,59.990002
2024-01-22T14:00:00,2024-01-22T15:00:00,DK2,445.48999,59.73
2024-01-22T13:00:00,2024-01-22T14:00:00,DK2,434.299988,58.23
2024-01-22T12:00:00,2024-01-22T13:00:00,DK2,423.040009,56.720001
2024-01-22T11:00:00,2024-01-22T12:00:00,DK2,424.529999,56.919998
2024-01-22T10:00:00,2024-01-22T11:00:00,DK2,451.970001,60.599998
2024-01-22T09:00:00,2024-01-22T10:00:00,DK2,459.059998,61.549999
2024-01-22T08:00:00,2024-01-22T09:00:00,DK2,429.450012,57.580002
2024-01-22T07:00:00,2024-01-22T08:00:00,DK2,495.829987,66.480003
2024-01-22T06:00:00,2024-01-22T07:00:00,DK2,451.01001,60.470001
2024-01-22T05:00:00,2024-01-22T06:00:00,DK2,302.059998,40.5
2024-01-22T04:00:00,2024-01-22T05:00:00,DK2,149.169998,20.0
2024-01-22T03:00:00,2024-01-22T04:00:00,DK2,37.740002,5.06
2024-01-22T02:00:00,2024-01-22T03:00:00,DK2,37.59,5.04
2024-01-22T01:00:00,2024-01-22T02:00:00,DK2,138.869995,18.620001
2024-01-22T00:00:00,2024-01-22T01:00:00,DK2,165.869995,22.24
2024-01-21T23:00:00,2024-01-22T00:00:00,DK2,203.610001,27.299999
2024-01-21T22:00:00,2024-01-21T23:00:00,DK2,216.520004,29.030001
2024-01-21T21:00:00,2024-01-21T22:00:00,DK2,375.829987,50.389999
2024-01-21T20:00:00,2024-01-21T21:00:00,DK2,391.26001,52.459999
2024-01-21T19:00:00,2024-01-21T20:00:00,DK2,384.100006,51.5
2024-01-21T18:00:00,2024-01-21T19:00:00,DK2,437.359985,58.639999
2024-01-21T17:00:00,2024-01-21T18:00:00,DK2,458.309998,61.450001
2024-01-21T16:00:00,2024-01-21T17:00:00,DK2,422.51001,56.650002
2024-01-21T15:00:00,2024-01-21T16:00:00,DK2,371.649994,49.830002
2024-01-21T14:00:00,2024-01-21T15:00:00,DK2,365.76001,49.040001
2024-01-21T13:00:00,2024-01-21T14:00:00,DK2,330.399994,44.299999
2024-01-21T12:00:00,2024-01-21T13:00:00,DK2,281.100006,37.689999
2024-01-21T11:00:00,2024-01-21T12:00:00,DK2,287.0,38.48
2024-01-21T10:00:00,2024-01-21T11:00:00,DK2,363.0,48.669998
2024-01-21T09:00:00,2024-01-21T10:00:00,DK2,343.529999,46.060001
2024-01-21T08:00:00,2024-01-21T09:00:00,DK2,405.429993,54.360001
2024-01-21T07:00:00,2024-01-21T08:00:00,DK2,383.059998,51.360001
2024-01-21T06:00:00,2024-01-21T07:00:00,DK2,327.869995,43.959999
2024-01-21T05:00:00,2024-01-21T06:00:00,DK2,339.579987,45.529999
2024-01-21T04:00:00,2024-01-21T05:00:00,DK2,353.899994,47.450001
2024-01-21T03:00:00,2024-01-21T04:00:00,DK2,361.799988,48.509998
2024-01-21T02:00:00,2024-01-21T03:00:00,DK2,379.549988,50.889999
2024-01-21T01:00:00,2024-01-21T02:00:00,DK2,411.329987,55.150002
2024-01-21T00:00:00,2024-01-21T01:00:00,DK2,429.230011,57.549999
2024-01-20T23:00:00,2024-01-21T00:00:00,DK2,445.26001,59.700001
2024-01-20T22:00:00,2024-01-20T23:00:00,DK2,499.579987,66.989998
2024-01-20T21:00:00,2024-01-20T22:00:00,DK2,525.159973,70.419998
2024-01-20T20:00:00,2024-01-20T21:00:00,DK2,547.309998,73.389999
2024-01-20T19:00:00,2024-01-20T20:00:00,DK2,596.599976,80.0
2024-01-20T18:00:00,2024-01-20T19:00:00,DK2,682.880005,91.57
2024-01-20T17:00:00,2024-01-20T18:00:00,DK2,754.030029,101.110001
2024-01-20T16:00:00,2024-01-20T17:00:00,DK2,725.390015,97.269997
2024-01-20T15:00:00,2024-01-20T16:00:00,DK2,671.549988,90.050003
2024-01-20T14:00:00,2024-01-20T15:00:00,DK2,589.960022,79.110001
2024-01-20T13:00:00,2024-01-20T14:00:00,DK2,547.309998,73.389999
2024-01-20T12:00:00,2024-01-20T13:00:00,DK2,527.919983,70.790001
2024-01-20T11:00:00,2024-01-20T12:00:00,DK2,520.159973,69.75
2024-01-20T10:00:00,2024-01-20T11:00:00,DK2,540.73999,72.510002
2024-01-20T09:00:00,2024-01-20T10:00:00,DK2,548.650024,73.57
2024-01-20T08:00:00,2024-01-20T09:00:00,DK2,588.02002,78.849998
2024-01-20T07:00:00,2024-01-20T08:00:00,DK2,557.969971,74.82
2024-01-20T06:00:00,2024-01-20T07:00:00,DK2,511.209991,68.550003
2024-01-20T05:00:00,2024-01-20T06:00:00,DK2,480.640015,64.449997
2024-01-20T04:00:00,2024-01-20T05:00:00,DK2,460.5,61.75
2024-01-20T03:00:00,2024-01-20T04:00:00,DK2,472.579987,63.369999
2024-01-20T02:00:00,2024-01-20T03:00:00,DK2,472.359985,63.34
2024-01-20T01:00:00,2024-01-20T02:00:00,DK2,485.480011,65.099998
2024-01-20T00:00:00,2024-01-20T01:00:00,DK2,484.809998,65.010002
2024-01-19T23:00:00,2024-01-20T00:00:00,DK2,504.279999,67.620003
2024-01-19T22:00:00,2024-01-19T23:00:00,DK2,497.339996,66.690002
2024-01-19T21:00:00,2024-01-19T22:00:00,DK2,527.169983,70.690002
2024-01-19T20:00:00,2024-01-19T21:00:00,DK2,544.469971,73.010002
2024-01-19T19:00:00,2024-01-19T20:00:00,DK2,565.429993,75.82
2024-01-19T18:00:00,2024-01-19T19:00:00,DK2,634.630005,85.099998
2024-01-19T17:00:00,2024-01-19T18:00:00,DK2,809.059998,108.489998
2024-01-19T16:00:00,2024-01-19T17:00:00,DK2,855.890015,114.769997
2024-01-19T15:00:00,2024-01-19T16:00:00,DK2,780.049988,104.599998
2024-01-19T14:00:00,2024-01-19T15:00:00,DK2,648.429993,86.949997
2024-01-19T13:00:00,2024-01-19T14:00:00,DK2,573.549988,76.910004
2024-01-19T12:00:00,2024-01-19T13:00:00,DK2,560.429993,75.150002
2024-01-19T11:00:00,2024-01-19T12:00:00,DK2,587.049988,78.720001
2024-01-19T10:00:00,2024-01-19T11:00:00,DK2,645.52002,86.559998
2024-01-19T09:00:00,2024-01-19T10:00:00,DK2,714.799988,95.849998
2024-01-19T08:00:00,2024-01-19T09:00:00,DK2,770.359985,103.300003
2024-01-19T07:00:00,2024-01-19T08:00:00,DK2,777.590027,104.269997
2024-01-19T06:00:00,2024-01-19T07:00:00,DK2,666.549988,89.379997
2024-01-19T05:00:00,2024-01-19T06:00:00,DK2,564.830017,75.739998
2024-01-19T04:00:00,2024-01-19T05:00:00,DK2,491.079987,65.849998
2024-01-19T03:00:00,2024-01-19T04:00:00,DK2,472.209991,63.32
2024-01-19T02:00:00,2024-01-19T03:00:00,DK2,468.029999,62.759998
2024-01-19T01:00:00,2024-01-19T02:00:00,DK2,477.649994,64.050003
2024-01-19T00:00:00,2024-01-19T01:00:00,DK2,487.269989,65.339996
2024-01-18T23:00:00,2024-01-19T00:00:00,DK2,510.089996,68.400002
2024-01-18T22:00:00,2024-01-18T23:00:00,DK2,532.0,71.330002
2024-01-18T21:00:00,2024-01-18T22:00:00,DK2,577.48999,77.43
2024-01-18T20:00:00,2024-01-18T21:00:00,DK2,605.090027,81.129997
2024-01-18T19:00:00,2024-01-18T20:00:00,DK2,648.650024,86.970001
2024-01-18T18:00:00,2024-01-18T19:00:00,DK2,705.030029,94.529999
2024-01-18T17:00:00,2024-01-18T18:00:00,DK2,770.140015,103.260002
2024-01-18T16:00:00,2024-01-18T17:00:00,DK2,780.72998,104.68
2024-01-18T15:00:00,2024-01-18T16:00:00,DK2,742.25,99.519997
2024-01-18T14:00:00,2024-01-18T15:00:00,DK2,702.940002,94.25
2024-01-18T13:00:00,2024-01-18T14:00:00,DK2,644.619995,86.43
2024-01-18T12:00:00,2024-01-18T13:00:00,DK2,653.48999,87.620003
2024-01-18T11:00:00,2024-01-18T12:00:00,DK2,697.719971,93.550003
2024-01-18T10:00:00,2024-01-18T11:00:00,DK2,805.119995,107.949997
2024-01-18T09:00:00,2024-01-18T10:00:00,DK2,827.119995,110.900002
2024-01-18T08:00:00,2024-01-18T09:00:00,DK2,911.179993,122.169998
2024-01-18T07:00:00,2024-01-18T08:00:00,DK2,938.919983,125.889999
2024-01-18T06:00:00,2024-01-18T07:00:00,DK2,831.969971,111.550003
2024-01-18T05:00:00,2024-01-18T06:00:00,DK2,681.97998,91.440002
2024-01-18T04:00:00,2024-01-18T05:00:00,DK2,604.119995,81.0
2024-01-18T03:00:00,2024-01-18T04:00:00,DK2,578.539978,77.57
2024-01-18T02:00:00,2024-01-18T03:00:00,DK2,558.700012,74.910004
2024-01-18T01:00:00,2024-01-18T02:00:00,DK2,561.530029,75.290001
2024-01-18T00:00:00,2024-01-18T01:00:00,DK2,575.780029,77.199997
2024-01-17T23:00:00,2024-01-18T00:00:00,DK2,606.580017,81.330002
2024-01-17T22:00:00,2024-01-17T23:00:00,DK2,627.710022,84.169998
2024-01-17T21:00:00,2024-01-17T22:00:00,DK2,703.099976,94.279999
2024-01-17T20:00:00,2024-01-17T21:00:00,DK2,753.890015,101.089996
2024-01-17T19:00:00,2024-01-17T20:00:00,DK2,818.849976,109.800003
2024-01-17T18:00:00,2024-01-17T19:00:00,DK2,852.26001,114.279999
2024-01-17T17:00:00,2024-01-17T18:00:00,DK2,921.690002,123.589996
2024-01-17T16:00:00,2024-01-17T17:00:00,DK2,1047.939941,140.520004
2024-01-17T15:00:00,2024-01-17T16:00:00,DK2,958.75,128.559998
2024-01-17T14:00:00,2024-01-17T15:00:00,DK2,935.630005,125.459999
2024-01-17T13:00:00,2024-01-17T14:00:00,DK2,907.890015,121.739998
2024-01-17T12:00:00,2024-01-17T13:00:00,DK2,907.590027,121.699997
2024-01-17T11:00:00,2024-01-17T12:00:00,DK2,877.840027,117.709999
2024-01-17T10:00:00,2024-01-17T11:00:00,DK2,828.539978,111.099998
2024-01-17T09:00:00,2024-01-17T10:00:00,DK2,797.289978,106.910004
2024-01-17T08:00:00,2024-01-17T09:00:00,DK2,767.159973,102.870003
2024-01-17T07:00:00,2024-01-17T08:00:00,DK2,715.929993,96.0
2024-01-17T06:00:00,2024-01-17T07:00:00,DK2,596.159973,79.940002
2024-01-17T05:00:00,2024-01-17T06:00:00,DK2,526.880005,70.650002
2024-01-17T04:00:00,2024-01-17T05:00:00,DK2,501.75,67.279999
2024-01-17T03:00:00,2024-01-17T04:00:00,DK2,501.970001,67.309998
2024-01-17T02:00:00,2024-01-17T03:00:00,DK2,503.839996,67.559998
2024-01-17T01:00:00,2024-01-17T02:00:00,DK2,510.619995,68.470001
2024-01-17T00:00:00,2024-01-17T01:00:00,DK2,517.26001,69.360001
2024-01-16T23:00:00,2024-01-17T00:00:00,DK2,521.210022,69.889999
2024-01-16T22:00:00,2024-01-16T23:00:00,DK2,579.429993,77.690002
2024-01-16T21:00:00,2024-01-16T22:00:00,DK2,611.869995,82.040001
2024-01-16T20:00:00,2024-01-16T21:00:00,DK2,642.969971,86.209999
2024-01-16T19:00:00,2024-01-16T20:00:00,DK2,712.179993,95.489998
2024-01-16T18:00:00,2024-01-16T19:00:00,DK2,833.599976,111.769997
2024-01-16T17:00:00,2024-01-16T18:00:00,DK2,992.539978,133.080002
2024-01-16T16:00:00,2024-01-16T17:00:00,DK2,1273.930054,170.809998
2024-01-16T15:00:00,2024-01-16T16:00:00,DK2,1268.48999,170.080002
2024-01-16T14:00:00,2024-01-16T15:00:00,DK2,1164.670044,156.160004
2024-01-16T13:00:00,2024-01-16T14:00:00,DK2,1070.849976,143.580002
2024-01-16T12:00:00,2024-01-16T13:00:00,DK2,1058.839966,141.970001
2024-01-16T11:00:00,2024-01-16T12:00:00,DK2,1268.189941,170.039993
2024-01-16T10:00:00,2024-01-16T11:00:00,DK2,1495.73999,200.550003
2024-01-16T09:00:00,2024-01-16T10:00:00,DK2,1864.030029,249.929993
2024-01-16T08:00:00,2024-01-16T09:00:00,DK2,2017.890015,270.559998
2024-01-16T07:00:00,2024-01-16T08:00:00,DK2,2055.399902,275.589996
2024-01-16T06:00:00,2024-01-16T07:00:00,DK2,1442.560059,193.419998
2024-01-16T05:00:00,2024-01-16T06:00:00,DK2,917.359985,123.0
2024-01-16T04:00:00,2024-01-16T05:00:00,DK2,622.390015,83.449997
2024-01-16T03:00:00,2024-01-16T04:00:00,DK2,578.679993,77.589996
2024-01-16T02:00:00,2024-01-16T03:00:00,DK2,583.679993,78.260002
2024-01-16T01:00:00,2024-01-16T02:00:00,DK2,597.179993,80.07
2024-01-16T00:00:00,2024-01-16T01:00:00,DK2,607.099976,81.400002
2024-01-15T23:00:00,2024-01-16T00:00:00,DK2,612.98999,82.190002
2024-01-15T22:00:00,2024-01-15T23:00:00,DK2,644.539978,86.43
2024-01-15T21:00:00,2024-01-15T22:00:00,DK2,667.359985,89.489998
2024-01-15T20:00:00,2024-01-15T21:00:00,DK2,693.159973,92.949997
2024-01-15T19:00:00,2024-01-15T20:00:00,DK2,769.22998,103.150002
2024-01-15T18:00:00,2024-01-15T19:00:00,DK2,825.22998,110.660004
2024-01-15T17:00:00,2024-01-15T18:00:00,DK2,861.849976,115.57
2024-01-15T16:00:00,2024-01-15T17:00:00,DK2,813.450012,109.080002
2024-01-15T15:00:00,2024-01-15T16:00:00,DK2,745.140015,99.919998
2024-01-15T14:00:00,2024-01-15T15:00:00,DK2,666.98999,89.440002
2024-01-15T13:00:00,2024-01-15T14:00:00,DK2,630.150024,84.5
2024-01-15T12:00:00,2024-01-15T13:00:00,DK2,612.619995,82.150002
2024-01-15T11:00:00,2024-01-15T12:00:00,DK2,625.369995,83.860001
2024-01-15T10:00:00,2024-01-15T11:00:00,DK2,673.099976,90.260002
2024-01-15T09:00:00,2024-01-15T10:00:00,DK2,707.549988,94.879997
2024-01-15T08:00:00,2024-01-15T09:00:00,DK2,747.900024,100.290001
2024-01-15T07:00:00,2024-01-15T08:00:00,DK2,740.52002,99.300003
2024-01-15T06:00:00,2024-01-15T07:00:00,DK2,625.22998,83.839996
2024-01-15T05:00:00,2024-01-15T06:00:00,DK2,596.219971,79.949997
2024-01-15T04:00:00,2024-01-15T05:00:00,DK2,526.27002,70.57
2024-01-15T03:00:00,2024-01-15T04:00:00,DK2,474.059998,63.57
2024-01-15T02:00:00,2024-01-15T03:00:00,DK2,462.649994,62.040001
2024-01-15T01:00:00,2024-01-15T02:00:00,DK2,479.579987,64.309998
2024-01-15T00:00:00,2024-01-15T01:00:00,DK2,492.559998,66.050003
2024-01-14T23:00:00,2024-01-15T00:00:00,DK2,519.409973,69.650002
2024-01-14T22:00:00,2024-01-14T23:00:00,DK2,498.820007,66.889999
2024-01-14T21:00:00,2024-01-14T22:00:00,DK2,562.210022,75.389999
2024-01-14T20:00:00,2024-01-14T21:00:00,DK2,586.150024,78.599998
2024-01-14T19:00:00,2024-01-14T20:00:00,DK2,589.580017,79.059998
2024-01-14T18:00:00,2024-01-14T19:00:00,DK2,635.809998,85.260002
2024-01-14T17:00:00,2024-01-14T18:00:00,DK2,705.76001,94.639999
2024-01-14T16:00:00,2024-01-14T17:00:00,DK2,685.030029,91.860001
2024-01-14T15:00:00,2024-01-14T16:00:00,DK2,645.960022,86.620003
2024-01-14T14:00:00,2024-01-14T15:00:00,DK2,613.890015,82.32
2024-01-14T13:00:00,2024-01-14T14:00:00,DK2,590.25,79.150002
2024-01-14T12:00:00,2024-01-14T13:00:00,DK2,574.52002,77.040001
2024-01-14T11:00:00,2024-01-14T12:00:00,DK2,599.5,80.389999
2024-01-14T10:00:00,2024-01-14T11:00:00,DK2,610.309998,81.839996
2024-01-14T09:00:00,2024-01-14T10:00:00,DK2,601.289978,80.629997
2024-01-14T08:00:00,2024-01-14T09:00:00,DK2,605.090027,81.139999
2024-01-14T07:00:00,2024-01-14T08:00:00,DK2,572.280029,76.739998
2024-01-14T06:00:00,2024-01-14T07:00:00,DK2,534.390015,71.660004
2024-01-14T05:00:00,2024-01-14T06:00:00,DK2,501.950012,67.309998
2024-01-14T04:00:00,2024-01-14T05:00:00,DK2,486.220001,65.199997
2024-01-14T03:00:00,2024-01-14T04:00:00,DK2,482.269989,64.669998
2024-01-14T02:00:00,2024-01-14T03:00:00,DK2,477.350006,64.010002
2024-01-14T01:00:00,2024-01-14T02:00:00,DK2,469.290009,62.93
2024-01-14T00:00:00,2024-01-14T01:00:00,DK2,463.179993,62.110001
2024-01-13T23:00:00,2024-01-14T00:00:00,DK2,477.420013,64.019997
2024-01-13T22:00:00,2024-01-13T23:00:00,DK2,459.709991,61.650002
2024-01-13T21:00:00,2024-01-13T22:00:00,DK2,467.98999,62.759998
2024-01-13T20:00:00,2024-01-13T21:00:00,DK2,528.909973,70.93
2024-01-13T19:00:00,2024-01-13T20:00:00,DK2,544.799988,73.059998
2024-01-13T18:00:00,2024-01-13T19:00:00,DK2,550.460022,73.82
2024-01-13T17:00:00,2024-01-13T18:00:00,DK2,565.299988,75.809998
2024-01-13T16:00:00,2024-01-13T17:00:00,DK2,553.450012,74.220001
2024-01-13T15:00:00,2024-01-13T16:00:00,DK2,527.789978,70.779999
2024-01-13T14:00:00,2024-01-13T15:00:00,DK2,511.609985,68.610001
2024-01-13T13:00:00,2024-01-13T14:00:00,DK2,506.390015,67.910004
2024-01-13T12:00:00,2024-01-13T13:00:00,DK2,474.779999,63.669998
2024-01-13T11:00:00,2024-01-13T12:00:00,DK2,521.609985,69.949997
2024-01-13T10:00:00,2024-01-13T11:00:00,DK2,529.289978,70.980003
2024-01-13T09:00:00,2024-01-13T10:00:00,DK2,537.039978,72.019997
2024-01-13T08:00:00,2024-01-13T09:00:00,DK2,546.659973,73.309998
2024-01-13T07:00:00,2024-01-13T08:00:00,DK2,500.799988,67.160004
2024-01-13T06:00:00,2024-01-13T07:00:00,DK2,381.790009,51.200001
2024-01-13T05:00:00,2024-01-13T06:00:00,DK2,340.179993,45.619999
2024-01-13T04:00:00,2024-01-13T05:00:00,DK2,414.230011,55.549999
2024-01-13T03:00:00,2024-01-13T04:00:00,DK2,538.679993,72.239998
2024-01-13T02:00:00,2024-01-13T03:00:00,DK2,532.190002,71.370003
2024-01-13T01:00:00,2024-01-13T02:00:00,DK2,549.200012,73.650002
2024-01-13T00:00:00,2024-01-13T01:00:00,DK2,558.140015,74.849998
2024-01-12T23:00:00,2024-01-13T00:00:00,DK2,564.030029,75.639999
2024-01-12T22:00:00,2024-01-12T23:00:00,DK2,634.969971,85.150002
2024-01-12T21:00:00,2024-01-12T22:00:00,DK2,696.27002,93.370003
2024-01-12T20:00:00,2024-01-12T21:00:00,DK2,734.369995,98.480003
2024-01-12T19:00:00,2024-01-12T20:00:00,DK2,811.26001,108.790001
2024-01-12T18:00:00,2024-01-12T19:00:00,DK2,890.900024,119.470001
2024-01-12T17:00:00,2024-01-12T18:00:00,DK2,939.590027,126.0
2024-01-12T16:00:00,2024-01-12T17:00:00,DK2,950.780029,127.5
2024-01-12T15:00:00,2024-01-12T16:00:00,DK2,894.849976,120.0
2024-01-12T14:00:00,2024-01-12T15:00:00,DK2,820.280029,110.0
2024-01-12T13:00:00,2024-01-12T14:00:00,DK2,779.559998,104.540001
2024-01-12T12:00:00,2024-01-12T13:00:00,DK2,768.679993,103.080002
2024-01-12T11:00:00,2024-01-12T12:00:00,DK2,797.76001,106.980003
2024-01-12T10:00:00,2024-01-12T11:00:00,DK2,855.549988,114.730003
2024-01-12T09:00:00,2024-01-12T10:00:00,DK2,909.840027,122.010002
2024-01-12T08:00:00,2024-01-12T09:00:00,DK2,1006.409973,134.960007
2024-01-12T07:00:00,2024-01-12T08:00:00,DK2,1049.51001,140.740005
2024-01-12T06:00:00,2024-01-12T07:00:00,DK2,881.130005,118.160004
2024-01-12T05:00:00,2024-01-12T06:00:00,DK2,686.869995,92.110001
2024-01-12T04:00:00,2024-01-12T05:00:00,DK2,636.23999,85.32
2024-01-12T03:00:00,2024-01-12T04:00:00,DK2,628.929993,84.339996
2024-01-12T02:00:00,2024-01-12T03:00:00,DK2,631.090027,84.629997
2024-01-12T01:00:00,2024-01-12T02:00:00,DK2,635.48999,85.220001
2024-01-12T00:00:00,2024-01-12T01:00:00,DK2,657.859985,88.220001
2024-01-11T23:00:00,2024-01-12T00:00:00,DK2,678.890015,91.040001
2024-01-11T22:00:00,2024-01-11T23:00:00,DK2,725.059998,97.220001
2024-01-11T21:00:00,2024-01-11T22:00:00,DK2,745.789978,100.0
2024-01-11T20:00:00,2024-01-11T21:00:00,DK2,799.419983,107.190002
2024-01-11T19:00:00,2024-01-11T20:00:00,DK2,887.119995,118.949997
2024-01-11T18:00:00,2024-01-11T19:00:00,DK2,986.76001,132.309998
2024-01-11T17:00:00,2024-01-11T18:00:00,DK2,1019.429993,136.690002
2024-01-11T16:00:00,2024-01-11T17:00:00,DK2,1119.359985,150.089996
2024-01-11T15:00:00,2024-01-11T16:00:00,DK2,1024.349976,137.350006
2024-01-11T14:00:00,2024-01-11T15:00:00,DK2,879.73999,117.959999
2024-01-11T13:00:00,2024-01-11T14:00:00,DK2,790.390015,105.980003
2024-01-11T12:00:00,2024-01-11T13:00:00,DK2,738.340027,99.0
2024-01-11T11:00:00,2024-01-11T12:00:00,DK2,741.169983,99.379997
2024-01-11T10:00:00,2024-01-11T11:00:00,DK2,794.119995,106.480003
2024-01-11T09:00:00,2024-01-11T10:00:00,DK2,847.590027,113.650002
2024-01-11T08:00:00,2024-01-11T09:00:00,DK2,963.27002,129.160004
2024-01-11T07:00:00,2024-01-11T08:00:00,DK2,1051.569946,141.0
2024-01-11T06:00:00,2024-01-11T07:00:00,DK2,871.530029,116.860001
2024-01-11T05:00:00,2024-01-11T06:00:00,DK2,761.22998,102.07
2024-01-11T04:00:00,2024-01-11T05:00:00,DK2,666.440002,89.360001
2024-01-11T03:00:00,2024-01-11T04:00:00,DK2,611.179993,81.949997
2024-01-11T02:00:00,2024-01-11T03:00:00,DK2,614.390015,82.379997
2024-01-11T01:00:00,2024-01-11T02:00:00,DK2,650.710022,87.25
2024-01-11T00:00:00,2024-01-11T01:00:00,DK2,660.700012,88.589996
2024-01-10T23:00:00,2024-01-11T00:00:00,DK2,684.27002,91.75
2024-01-10T22:00:00,2024-01-10T23:00:00,DK2,716.169983,96.029999
2024-01-10T21:00:00,2024-01-10T22:00:00,DK2,779.26001,104.489998
2024-01-10T20:00:00,2024-01-10T21:00:00,DK2,818.559998,109.760002
2024-01-10T19:00:00,2024-01-10T20:00:00,DK2,894.929993,120.0
2024-01-10T18:00:00,2024-01-10T19:00:00,DK2,985.539978,132.149994
2024-01-10T17:00:00,2024-01-10T18:00:00,DK2,1044.089966,140.0
2024-01-10T16:00:00,2024-01-10T17:00:00,DK2,1072.349976,143.789993
2024-01-10T15:00:00,2024-01-10T16:00:00,DK2,1004.109985,134.639999
2024-01-10T14:00:00,2024-01-10T15:00:00,DK2,923.27002,123.800003
2024-01-10T13:00:00,2024-01-10T14:00:00,DK2,862.710022,115.68
2024-01-10T12:00:00,2024-01-10T13:00:00,DK2,806.929993,108.199997
2024-01-10T11:00:00,2024-01-10T12:00:00,DK2,762.26001,102.209999
2024-01-10T10:00:00,2024-01-10T11:00:00,DK2,813.869995,109.129997
2024-01-10T09:00:00,2024-01-10T10:00:00,DK2,905.890015,121.470001
2024-01-10T08:00:00,2024-01-10T09:00:00,DK2,972.419983,130.389999
2024-01-10T07:00:00,2024-01-10T08:00:00,DK2,1066.459961,143.0
2024-01-10T06:00:00,2024-01-10T07:00:00,DK2,965.030029,129.399994
2024-01-10T05:00:00,2024-01-10T06:00:00,DK2,812.0,108.879997
2024-01-10T04:00:00,2024-01-10T05:00:00,DK2,664.109985,89.050003
2024-01-10T03:00:00,2024-01-10T04:00:00,DK2,643.599976,86.300003
2024-01-10T02:00:00,2024-01-10T03:00:00,DK2,642.039978,86.089996
2024-01-10T01:00:00,2024-01-10T02:00:00,DK2,646.809998,86.730003
2024-01-10T00:00:00,2024-01-10T01:00:00,DK2,647.039978,86.760002
2024-01-09T23:00:00,2024-01-10T00:00:00,DK2,665.900024,89.290001
2024-01-09T22:00:00,2024-01-09T23:00:00,DK2,724.340027,97.089996
2024-01-09T21:00:00,2024-01-09T22:00:00,DK2,792.150024,106.18
2024-01-09T20:00:00,2024-01-09T21:00:00,DK2,833.179993,111.68
2024-01-09T19:00:00,2024-01-09T20:00:00,DK2,897.039978,120.239998
2024-01-09T18:00:00,2024-01-09T19:00:00,DK2,973.070007,130.429993
2024-01-09T17:00:00,2024-01-09T18:00:00,DK2,1028.050049,137.800003
2024-01-09T16:00:00,2024-01-09T17:00:00,DK2,1029.170044,137.949997
2024-01-09T15:00:00,2024-01-09T16:00:00,DK2,977.23999,130.990005
2024-01-09T14:00:00,2024-01-09T15:00:00,DK2,903.390015,121.089996
2024-01-09T13:00:00,2024-01-09T14:00:00,DK2,838.26001,112.360001
2024-01-09T12:00:00,2024-01-09T13:00:00,DK2,752.159973,100.82
2024-01-09T11:00:00,2024-01-09T12:00:00,DK2,747.690002,100.220001
2024-01-09T10:00:00,2024-01-09T11:00:00,DK2,789.169983,105.779999
2024-01-09T09:00:00,2024-01-09T10:00:00,DK2,844.450012,113.190002
2024-01-09T08:00:00,2024-01-09T09:00:00,DK2,902.039978,120.910004
2024-01-09T07:00:00,2024-01-09T08:00:00,DK2,994.099976,133.25
2024-01-09T06:00:00,2024-01-09T07:00:00,DK2,925.539978,124.059998
2024-01-09T05:00:00,2024-01-09T06:00:00,DK2,809.530029,108.510002
2024-01-09T04:00:00,2024-01-09T05:00:00,DK2,666.070007,89.279999
2024-01-09T03:00:00,2024-01-09T04:00:00,DK2,639.51001,85.720001
2024-01-09T02:00:00,2024-01-09T03:00:00,DK2,627.719971,84.139999
2024-01-09T01:00:00,2024-01-09T02:00:00,DK2,634.140015,85.0
2024-01-09T00:00:00,2024-01-09T01:00:00,DK2,649.359985,87.040001
2024-01-08T23:00:00,2024-01-09T00:00:00,DK2,657.710022,88.160004
2024-01-08T22:00:00,2024-01-08T23:00:00,DK2,682.400024,91.489998
2024-01-08T21:00:00,2024-01-08T22:00:00,DK2,745.719971,99.980003
2024-01-08T20:00:00,2024-01-08T21:00:00,DK2,766.97998,102.830002
2024-01-08T19:00:00,2024-01-08T20:00:00,DK2,851.859985,114.209999
2024-01-08T18:00:00,2024-01-08T19:00:00,DK2,910.859985,122.120003
2024-01-08T17:00:00,2024-01-08T18:00:00,DK2,969.710022,130.009995
2024-01-08T16:00:00,2024-01-08T17:00:00,DK2,986.869995,132.309998
2024-01-08T15:00:00,2024-01-08T16:00:00,DK2,954.719971,128.0
2024-01-08T14:00:00,2024-01-08T15:00:00,DK2,825.22998,110.639999
2024-01-08T13:00:00,2024-01-08T14:00:00,DK2,764.219971,102.459999
2024-01-08T12:00:00,2024-01-08T13:00:00,DK2,707.690002,94.879997
2024-01-08T11:00:00,2024-01-08T12:00:00,DK2,729.76001,97.839996
2024-01-08T10:00:00,2024-01-08T11:00:00,DK2,787.200012,105.540001
2024-01-08T09:00:00,2024-01-08T10:00:00,DK2,849.549988,113.900002
2024-01-08T08:00:00,2024-01-08T09:00:00,DK2,900.48999,120.730003
2024-01-08T07:00:00,2024-01-08T08:00:00,DK2,903.330017,121.110001
2024-01-08T06:00:00,2024-01-08T07:00:00,DK2,829.559998,111.220001
2024-01-08T05:00:00,2024-01-08T06:00:00,DK2,703.359985,94.300003
2024-01-08T04:00:00,2024-01-08T05:00:00,DK2,612.359985,82.099998
2024-01-08T03:00:00,2024-01-08T04:00:00,DK2,585.359985,78.480003
2024-01-08T02:00:00,2024-01-08T03:00:00,DK2,590.059998,79.110001
2024-01-08T01:00:00,2024-01-08T02:00:00,DK2,610.27002,81.82
2024-01-08T00:00:00,2024-01-08T01:00:00,DK2,628.919983,84.32
2024-01-07T23:00:00,2024-01-08T00:00:00,DK2,649.059998,87.019997
2024-01-07T22:00:00,2024-01-07T23:00:00,DK2,625.48999,83.860001
2024-01-07T21:00:00,2024-01-07T22:00:00,DK2,680.01001,91.169998
2024-01-07T20:00:00,2024-01-07T21:00:00,DK2,695.97998,93.309998
2024-01-07T19:00:00,2024-01-07T20:00:00,DK2,749.599976,100.5
2024-01-07T18:00:00,2024-01-07T19:00:00,DK2,772.349976,103.550003
2024-01-07T17:00:00,2024-01-07T18:00:00,DK2,791.299988,106.089996
2024-01-07T16:00:00,2024-01-07T17:00:00,DK2,777.719971,104.269997
2024-01-07T15:00:00,2024-01-07T16:00:00,DK2,717.609985,96.209999
2024-01-07T14:00:00,2024-01-07T15:00:00,DK2,676.059998,90.639999
2024-01-07T13:00:00,2024-01-07T14:00:00,DK2,650.630005,87.230003
2024-01-07T12:00:00,2024-01-07T13:00:00,DK2,652.789978,87.519997
2024-01-07T11:00:00,2024-01-07T12:00:00,DK2,682.469971,91.5
2024-01-07T10:00:00,2024-01-07T11:00:00,DK2,686.130005,91.989998
2024-01-07T09:00:00,2024-01-07T10:00:00,DK2,669.419983,89.75
2024-01-07T08:00:00,2024-01-07T09:00:00,DK2,653.159973,87.57
2024-01-07T07:00:00,2024-01-07T08:00:00,DK2,628.099976,84.209999
2024-01-07T06:00:00,2024-01-07T07:00:00,DK2,599.460022,80.370003
2024-01-07T05:00:00,2024-01-07T06:00:00,DK2,585.140015,78.449997
2024-01-07T04:00:00,2024-01-07T05:00:00,DK2,577.460022,77.419998
2024-01-07T03:00:00,2024-01-07T04:00:00,DK2,573.5,76.889999
2024-01-07T02:00:00,2024-01-07T03:00:00,DK2,578.280029,77.529999
2024-01-07T01:00:00,2024-01-07T02:00:00,DK2,590.880005,79.220001
2024-01-07T00:00:00,2024-01-07T01:00:00,DK2,615.049988,82.459999
2024-01-06T23:00:00,2024-01-07T00:00:00,DK2,642.570007,86.150002
2024-01-06T22:00:00,2024-01-06T23:00:00,DK2,617.580017,82.800003
2024-01-06T21:00:00,2024-01-06T22:00:00,DK2,666.359985,89.339996
2024-01-06T20:00:00,2024-01-06T21:00:00,DK2,675.97998,90.629997
2024-01-06T19:00:00,2024-01-06T20:00:00,DK2,708.419983,94.980003
2024-01-06T18:00:00,2024-01-06T19:00:00,DK2,762.799988,102.269997
2024-01-06T17:00:00,2024-01-06T18:00:00,DK2,797.630005,106.940002
2024-01-06T16:00:00,2024-01-06T17:00:00,DK2,882.140015,118.269997
2024-01-06T15:00:00,2024-01-06T16:00:00,DK2,820.450012,110.0
2024-01-06T14:00:00,2024-01-06T15:00:00,DK2,734.679993,98.5
2024-01-06T13:00:00,2024-01-06T14:00:00,DK2,712.380005,95.510002
2024-01-06T12:00:00,2024-01-06T13:00:00,DK2,729.080017,97.75
2024-01-06T11:00:00,2024-01-06T12:00:00,DK2,763.25,102.330002
2024-01-06T10:00:00,2024-01-06T11:00:00,DK2,773.090027,103.650002
2024-01-06T09:00:00,2024-01-06T10:00:00,DK2,748.929993,100.410004
2024-01-06T08:00:00,2024-01-06T09:00:00,DK2,708.419983,94.980003
2024-01-06T07:00:00,2024-01-06T08:00:00,DK2,677.77002,90.870003
2024-01-06T06:00:00,2024-01-06T07:00:00,DK2,652.109985,87.43
2024-01-06T05:00:00,2024-01-06T06:00:00,DK2,630.109985,84.480003
2024-01-06T04:00:00,2024-01-06T05:00:00,DK2,627.5,84.129997
2024-01-06T03:00:00,2024-01-06T04:00:00,DK2,615.559998,82.529999
2024-01-06T02:00:00,2024-01-06T03:00:00,DK2,612.950012,82.18
2024-01-06T01:00:00,2024-01-06T02:00:00,DK2,611.830017,82.029999
2024-01-06T00:00:00,2024-01-06T01:00:00,DK2,620.559998,83.199997
2024-01-05T23:00:00,2024-01-06T00:00:00,DK2,633.090027,84.879997
2024-01-05T22:00:00,2024-01-05T23:00:00,DK2,692.710022,92.870003
2024-01-05T21:00:00,2024-01-05T22:00:00,DK2,746.630005,100.099998
2024-01-05T20:00:00,2024-01-05T21:00:00,DK2,841.51001,112.82
2024-01-05T19:00:00,2024-01-05T20:00:00,DK2,1115.849976,149.600006
2024-01-05T18:00:00,2024-01-05T19:00:00,DK2,1356.839966,181.910004
2024-01-05T17:00:00,2024-01-05T18:00:00,DK2,2610.22998,349.950012
2024-01-05T16:00:00,2024-01-05T17:00:00,DK2,3925.22998,526.25
2024-01-05T15:00:00,2024-01-05T16:00:00,DK2,3353.810059,449.640015
2024-01-05T14:00:00,2024-01-05T15:00:00,DK2,2237.209961,299.940002
2024-01-05T13:00:00,2024-01-05T14:00:00,DK2,1475.810059,197.860001
2024-01-05T12:00:00,2024-01-05T13:00:00,DK2,1469.25,196.979996
2024-01-05T11:00:00,2024-01-05T12:00:00,DK2,1516.23999,203.279999
2024-01-05T10:00:00,2024-01-05T11:00:00,DK2,1574.640015,211.110001
2024-01-05T09:00:00,2024-01-05T10:00:00,DK2,1908.430054,255.860001
2024-01-05T08:00:00,2024-01-05T09:00:00,DK2,1858.150024,249.119995
2024-01-05T07:00:00,2024-01-05T08:00:00,DK2,2230.280029,299.01001
2024-01-05T06:00:00,2024-01-05T07:00:00,DK2,1230.790039,165.009995
2024-01-05T05:00:00,2024-01-05T06:00:00,DK2,818.909973,109.790001
2024-01-05T04:00:00,2024-01-05T05:00:00,DK2,657.419983,88.139999
2024-01-05T03:00:00,2024-01-05T04:00:00,DK2,615.280029,82.489998
2024-01-05T02:00:00,2024-01-05T03:00:00,DK2,597.97998,80.169998
2024-01-05T01:00:00,2024-01-05T02:00:00,DK2,596.710022,80.0
2024-01-05T00:00:00,2024-01-05T01:00:00,DK2,619.76001,83.089996
2024-01-04T23:00:00,2024-01-05T00:00:00,DK2,662.570007,88.830002
2024-01-04T22:00:00,2024-01-04T23:00:00,DK2,662.47998,88.830002
2024-01-04T21:00:00,2024-01-04T22:00:00,DK2,707.450012,94.860001
2024-01-04T20:00:00,2024-01-04T21:00:00,DK2,745.859985,100.010002
2024-01-04T19:00:00,2024-01-04T20:00:00,DK2,772.549988,103.589996
2024-01-04T18:00:00,2024-01-04T19:00:00,DK2,932.22998,125.0
2024-01-04T17:00:00,2024-01-04T18:00:00,DK2,1078.77002,144.649994
2024-01-04T16:00:00,2024-01-04T17:00:00,DK2,993.599976,133.229996
2024-01-04T15:00:00,2024-01-04T16:00:00,DK2,788.51001,105.730003
2024-01-04T14:00:00,2024-01-04T15:00:00,DK2,735.48999,98.620003
2024-01-04T13:00:00,2024-01-04T14:00:00,DK2,686.940002,92.110001
2024-01-04T12:00:00,2024-01-04T13:00:00,DK2,641.070007,85.959999
2024-01-04T11:00:00,2024-01-04T12:00:00,DK2,646.52002,86.690002
2024-01-04T10:00:00,2024-01-04T11:00:00,DK2,674.190002,90.400002
2024-01-04T09:00:00,2024-01-04T10:00:00,DK2,685.969971,91.980003
2024-01-04T08:00:00,2024-01-04T09:00:00,DK2,702.530029,94.199997
2024-01-04T07:00:00,2024-01-04T08:00:00,DK2,682.169983,91.470001
2024-01-04T06:00:00,2024-01-04T07:00:00,DK2,634.059998,85.019997
2024-01-04T05:00:00,2024-01-04T06:00:00,DK2,541.809998,72.650002
2024-01-04T04:00:00,2024-01-04T05:00:00,DK2,441.130005,59.150002
2024-01-04T03:00:00,2024-01-04T04:00:00,DK2,434.420013,58.25
2024-01-04T02:00:00,2024-01-04T03:00:00,DK2,411.519989,55.18
2024-01-04T01:00:00,2024-01-04T02:00:00,DK2,406.0,54.439999
2024-01-04T00:00:00,2024-01-04T01:00:00,DK2,399.73999,53.599998
2024-01-03T23:00:00,2024-01-04T00:00:00,DK2,437.850006,58.709999
2024-01-03T22:00:00,2024-01-03T23:00:00,DK2,433.290009,58.119999
2024-01-03T21:00:00,2024-01-03T22:00:00,DK2,484.579987,65.0
2024-01-03T20:00:00,2024-01-03T21:00:00,DK2,502.549988,67.410004
2024-01-03T19:00:00,2024-01-03T20:00:00,DK2,545.940002,73.230003
2024-01-03T18:00:00,2024-01-03T19:00:00,DK2,589.179993,79.029999
2024-01-03T17:00:00,2024-01-03T18:00:00,DK2,618.549988,82.970001
2024-01-03T16:00:00,2024-01-03T17:00:00,DK2,613.409973,82.279999
2024-01-03T15:00:00,2024-01-03T16:00:00,DK2,548.619995,73.589996
2024-01-03T14:00:00,2024-01-03T15:00:00,DK2,513.140015,68.830002
2024-01-03T13:00:00,2024-01-03T14:00:00,DK2,484.51001,64.989998
2024-01-03T12:00:00,2024-01-03T13:00:00,DK2,438.809998,58.860001
2024-01-03T11:00:00,2024-01-03T12:00:00,DK2,445.820007,59.799999
2024-01-03T10:00:00,2024-01-03T11:00:00,DK2,447.01001,59.959999
2024-01-03T09:00:00,2024-01-03T10:00:00,DK2,448.720001,60.189999
2024-01-03T08:00:00,2024-01-03T09:00:00,DK2,484.51001,64.989998
2024-01-03T07:00:00,2024-01-03T08:00:00,DK2,473.25,63.48
2024-01-03T06:00:00,2024-01-03T07:00:00,DK2,399.070007,53.529999
2024-01-03T05:00:00,2024-01-03T06:00:00,DK2,368.579987,49.439999
2024-01-03T04:00:00,2024-01-03T05:00:00,DK2,149.399994,20.040001
2024-01-03T03:00:00,2024-01-03T04:00:00,DK2,118.830002,15.94
2024-01-03T02:00:00,2024-01-03T03:00:00,DK2,118.389999,15.88
2024-01-03T01:00:00,2024-01-03T02:00:00,DK2,118.389999,15.88
2024-01-03T00:00:00,2024-01-03T01:00:00,DK2,118.309998,15.87
2024-01-02T23:00:00,2024-01-03T00:00:00,DK2,149.100006,20.0
2024-01-02T22:00:00,2024-01-02T23:00:00,DK2,223.639999,30.0
2024-01-02T21:00:00,2024-01-02T22:00:00,DK2,298.190002,40.0
2024-01-02T20:00:00,2024-01-02T21:00:00,DK2,358.130005,48.040001
2024-01-02T19:00:00,2024-01-02T20:00:00,DK2,425.73999,57.110001
2024-01-02T18:00:00,2024-01-02T19:00:00,DK2,470.98999,63.18
2024-01-02T17:00:00,2024-01-02T18:00:00,DK2,558.72998,74.949997
2024-01-02T16:00:00,2024-01-02T17:00:00,DK2,603.23999,80.919998
2024-01-02T15:00:00,2024-01-02T16:00:00,DK2,607.26001,81.459999
2024-01-02T14:00:00,2024-01-02T15:00:00,DK2,596.080017,79.959999
2024-01-02T13:00:00,2024-01-02T14:00:00,DK2,590.719971,79.239998
2024-01-02T12:00:00,2024-01-02T13:00:00,DK2,587.960022,78.870003
2024-01-02T11:00:00,2024-01-02T12:00:00,DK2,582.659973,78.160004
2024-01-02T10:00:00,2024-01-02T11:00:00,DK2,548.219971,73.540001
2024-01-02T09:00:00,2024-01-02T10:00:00,DK2,514.22998,68.980003
2024-01-02T08:00:00,2024-01-02T09:00:00,DK2,492.829987,66.110001
2024-01-02T07:00:00,2024-01-02T08:00:00,DK2,489.549988,65.669998
2024-01-02T06:00:00,2024-01-02T07:00:00,DK2,437.970001,58.75
2024-01-02T05:00:00,2024-01-02T06:00:00,DK2,366.630005,49.18
2024-01-02T04:00:00,2024-01-02T05:00:00,DK2,311.01001,41.720001
2024-01-02T03:00:00,2024-01-02T04:00:00,DK2,273.589996,36.700001
2024-01-02T02:00:00,2024-01-02T03:00:00,DK2,240.710007,32.290001
2024-01-02T01:00:00,2024-01-02T02:00:00,DK2,238.779999,32.029999
2024-01-02T00:00:00,2024-01-02T01:00:00,DK2,250.179993,33.560001
2024-01-01T23:00:00,2024-01-02T00:00:00,DK2,283.279999,38.0
2024-01-01T22:00:00,2024-01-01T23:00:00,DK2,283.279999,38.0
2024-01-01T21:00:00,2024-01-01T22:00:00,DK2,336.959991,45.200001
2024-01-01T20:00:00,2024-01-01T21:00:00,DK2,328.079987,44.009998
2024-01-01T19:00:00,2024-01-01T20:00:00,DK2,357.899994,48.009998
2024-01-01T18:00:00,2024-01-01T19:00:00,DK2,410.529999,55.07
2024-01-01T17:00:00,2024-01-01T18:00:00,DK2,460.26001,61.740002
2024-01-01T16:00:00,2024-01-01T17:00:00,DK2,484.480011,64.989998
2024-01-01T15:00:00,2024-01-01T16:00:00,DK2,443.329987,59.470001
2024-01-01T14:00:00,2024-01-01T15:00:00,DK2,377.290009,50.610001
2024-01-01T13:00:00,2024-01-01T14:00:00,DK2,344.709991,46.240002
2024-01-01T12:00:00,2024-01-01T13:00:00,DK2,330.170013,44.290001
2024-01-01T11:00:00,2024-01-01T12:00:00,DK2,320.700012,43.02
2024-01-01T10:00:00,2024-01-01T11:00:00,DK2,324.359985,43.509998
2024-01-01T09:00:00,2024-01-01T10:00:00,DK2,308.179993,41.34
2024-01-01T08:00:00,2024-01-01T09:00:00,DK2,240.119995,32.209999
2024-01-01T07:00:00,2024-01-01T08:00:00,DK2,189.5,25.42
2024-01-01T06:00:00,2024-01-01T07:00:00,DK2,164.300003,22.040001
2024-01-01T05:00:00,2024-01-01T06:00:00,DK2,118.309998,15.87
2024-01-01T04:00:00,2024-01-01T05:00:00,DK2,118.379997,15.88
2024-01-01T03:00:00,2024-01-01T04:00:00,DK2,178.990005,24.01
2024-01-01T02:00:00,2024-01-01T03:00:00,DK2,182.490005,24.48
2024-01-01T01:00:00,2024-01-01T02:00:00,DK2,198.740005,26.66
2024-01-01T00:00:00,2024-01-01T01:00:00,DK2,212.160004,28.459999
2023-12-31T23:00:00,2024-01-01T00:00:00,DK2,217.160004,29.129999
